I love all kinds of Pho. Pho for the president!                                                                                                                                                                              More ingredients, the better. I like my Pho full of taste.                                                                                                                                                                   NaN                                                                                                                                                                                                                          I don't eat Pho but I'll start immediately! So sorry, so Pho!                                                                                                                                                                Beef and basic is my choice of Pho.                                                                                                                                                                                          NaN                                                                                                                                                                                                                          I love all kinds of Pho. Pho for the president!                                                                                                                                                                              Beef and basic is my choice of Pho.                                                                                                                                                                                          NaN                                                                                                                                                                                                                          Beef and basic is my choice of Pho.                                                                                                                                                                                          NaN                                                                                                                                                                                                                          I don't eat Pho but I'll start immediately! So sorry, so Pho!                                                                                                                                                                NaN                                                                                                                                                                                                                          NaN                                                                                                                                                                                                                          More ingredients, the better. I like my Pho full of taste.                                                                                                                                                                   NaN                                                                                                                                                                                                                          
2017-03-17                                                                                                                                                                                                                   2016-12-31                                                                                                                                                                                                                   NaN                                                                                                                                                                                                                          1921-04-01                                                                                                                                                                                                                   2007-01-01                                                                                                                                                                                                                   2015-02-16                                                                                                                                                                                                                   NaN                                                                                                                                                                                                                          2017-03-23                                                                                                                                                                                                                   2017-03-23                                                                                                                                                                                                                   2017-03-23                                                                                                                                                                                                                   NaN                                                                                                                                                                                                                          2017-03-23                                                                                                                                                                                                                   NaN                                                                                                                                                                                                                          NaN                                                                                                                                                                                                                          2017-03-26                                                                                                                                                                                                                   NaN                                                                                                                                                                                                                          
210 - 1461 Johnston Rd, White Rock, BC V4B 3Z4                                                                                                                                                                               15230 Russell Ave White Rock BC V4B                                                                                                                                                                                          NaN                                                                                                                                                                                                                          Krizikova 488/115, 186 00 Praha 8-Karlin, Czechia                                                                                                                                                                            30 Cecil St, #19-06 Singapore 049712                                                                                                                                                                                         WeWork 9 Devonshire Square, London EC2M 4YD, United Kingdom                                                                                                                                                                  1150 Davie St, Vancouver, BC V6E 1N1                                                                                                                                                                                         123 Evergreen Terrace
Springfield, IL 12345                                                                                                                                                                                  Left the multi-choice blank, just because                                                                                                                                                                                    123 Evergreen Terrace
Springfield, IL 12345                                                                                                                                                                                  NaN                                                                                                                                                                                                                          All work and no play makes jack a dull boy.
All work and no play makes jack a dull boy.
All work and no play makes jack a dull boy.
All work and no play makes jack a dull boy.
All work and no play makes jack a dull boy.  NaN                                                                                                                                                                                                                          NaN                                                                                                                                                                                                                          MacDonald on Willingdon Ave, Burnaby                                                                                                                                                                                         NaN                                                                                                                                                                                                                          
1                                                                                                                                                                                                                            NaN                                                                                                                                                                                                                          NaN                                                                                                                                                                                                                          1                                                                                                                                                                                                                            1                                                                                                                                                                                                                            1                                                                                                                                                                                                                            NaN                                                                                                                                                                                                                          1                                                                                                                                                                                                                            NaN                                                                                                                                                                                                                          1                                                                                                                                                                                                                            NaN                                                                                                                                                                                                                          1                                                                                                                                                                                                                            NaN                                                                                                                                                                                                                          NaN                                                                                                                                                                                                                          1                                                                                                                                                                                                                            NaN                                                                                                                                                                                                                          
3                                                                                                                                                                                                                            7                                                                                                                                                                                                                            NaN                                                                                                                                                                                                                          13                                                                                                                                                                                                                           10                                                                                                                                                                                                                           17                                                                                                                                                                                                                           101                                                                                                                                                                                                                          7                                                                                                                                                                                                                            1                                                                                                                                                                                                                            7                                                                                                                                                                                                                            NaN                                                                                                                                                                                                                          73                                                                                                                                                                                                                           NaN                                                                                                                                                                                                                          NaN                                                                                                                                                                                                                          7                                                                                                                                                                                                                            NaN                                                                                                                                                                                                                          
783db4e9d8                                                                                                                                                                                                                   783db4e9d8                                                                                                                                                                                                                   783db4e9d8                                                                                                                                                                                                                   783db4e9d8                                                                                                                                                                                                                   783db4e9d8                                                                                                                                                                                                                   783db4e9d8                                                                                                                                                                                                                   783db4e9d8                                                                                                                                                                                                                   e367c5e34e                                                                                                                                                                                                                   e367c5e34e                                                                                                                                                                                                                   e367c5e34e                                                                                                                                                                                                                   d0f38b6c46                                                                                                                                                                                                                   d0f38b6c46                                                                                                                                                                                                                   ef6bc82c6b                                                                                                                                                                                                                   f38f4a9b9b                                                                                                                                                                                                                   79e5a6d45b                                                                                                                                                                                                                   ce34597b49                                                                                                                                                                                                                   
other                                                                                                                                                                                                                        other                                                                                                                                                                                                                        other                                                                                                                                                                                                                        other                                                                                                                                                                                                                        other                                                                                                                                                                                                                        other                                                                                                                                                                                                                        other                                                                                                                                                                                                                        other                                                                                                                                                                                                                        other                                                                                                                                                                                                                        other                                                                                                                                                                                                                        other                                                                                                                                                                                                                        other                                                                                                                                                                                                                        other                                                                                                                                                                                                                        other                                                                                                                                                                                                                        other                                                                                                                                                                                                                        other                                                                                                                                                                                                                        
https://hrkeboola.typeform.com/to/PfSNFM                                                                                                                                                                                     https://hrkeboola.typeform.com/to/PfSNFM                                                                                                                                                                                     https://hrkeboola.typeform.com/to/PfSNFM                                                                                                                                                                                     https://hrkeboola.typeform.com/to/PfSNFM                                                                                                                                                                                     https://hrkeboola.typeform.com/to/PfSNFM                                                                                                                                                                                     https://hrkeboola.typeform.com/to/PfSNFM                                                                                                                                                                                     https://hrkeboola.typeform.com/to/PfSNFM                                                                                                                                                                                     https://inhumantsar.typeform.com/to/PfSNFM                                                                                                                                                                                   https://inhumantsar.typeform.com/to/PfSNFM                                                                                                                                                                                   https://inhumantsar.typeform.com/to/PfSNFM                                                                                                                                                                                   https://akriox.typeform.com/to/PfSNFM                                                                                                                                                                                        https://akriox.typeform.com/to/PfSNFM                                                                                                                                                                                        https://hrkeboola.typeform.com/to/PfSNFM                                                                                                                                                                                     https://hrkeboola.typeform.com/to/PfSNFM                                                                                                                                                                                     https://hrkeboola.typeform.com/to/PfSNFM                                                                                                                                                                                     https://hrkeboola.typeform.com/to/PfSNFM                                                                                                                                                                                     
Mozilla/5.0 (Macintosh; Intel Mac OS X 10_12_3) AppleWebKit/537.36 (KHTML, like Gecko) Chrome/56.0.2924.87 Safari/537.36                                                                                                     Mozilla/5.0 (Macintosh; Intel Mac OS X 10_12_3) AppleWebKit/537.36 (KHTML, like Gecko) Chrome/56.0.2924.87 Safari/537.36                                                                                                     Mozilla/5.0 (Macintosh; Intel Mac OS X 10_12_3) AppleWebKit/537.36 (KHTML, like Gecko) Chrome/56.0.2924.87 Safari/537.36                                                                                                     Mozilla/5.0 (Macintosh; Intel Mac OS X 10_12_3) AppleWebKit/537.36 (KHTML, like Gecko) Chrome/56.0.2924.87 Safari/537.36                                                                                                     Mozilla/5.0 (Macintosh; Intel Mac OS X 10_12_3) AppleWebKit/537.36 (KHTML, like Gecko) Chrome/56.0.2924.87 Safari/537.36                                                                                                     Mozilla/5.0 (Macintosh; Intel Mac OS X 10_12_3) AppleWebKit/537.36 (KHTML, like Gecko) Chrome/56.0.2924.87 Safari/537.36                                                                                                     Mozilla/5.0 (Macintosh; Intel Mac OS X 10_12_3) AppleWebKit/537.36 (KHTML, like Gecko) Chrome/56.0.2924.87 Safari/537.36                                                                                                     Mozilla/5.0 (X11; Fedora; Linux x86_64) AppleWebKit/537.36 (KHTML, like Gecko) Chrome/55.0.2883.87 Safari/537.36                                                                                                             Mozilla/5.0 (X11; Fedora; Linux x86_64) AppleWebKit/537.36 (KHTML, like Gecko) Chrome/55.0.2883.87 Safari/537.36                                                                                                             Mozilla/5.0 (X11; Fedora; Linux x86_64) AppleWebKit/537.36 (KHTML, like Gecko) Chrome/55.0.2883.87 Safari/537.36                                                                                                             Mozilla/5.0 (Windows NT 10.0; WOW64) AppleWebKit/537.36 (KHTML, like Gecko) Chrome/56.0.2924.87 Safari/537.36                                                                                                                Mozilla/5.0 (Windows NT 10.0; WOW64) AppleWebKit/537.36 (KHTML, like Gecko) Chrome/56.0.2924.87 Safari/537.36                                                                                                                Mozilla/5.0 (Windows NT 6.3; WOW64) AppleWebKit/537.36 (KHTML, like Gecko) Chrome/56.0.2924.87 Safari/537.36                                                                                                                 Mozilla/5.0 (X11; Linux x86_64) AppleWebKit/537.36 (KHTML, like Gecko) Chrome/57.0.2987.110 Safari/537.36                                                                                                                    Mozilla/5.0 (Windows NT 6.1; WOW64) AppleWebKit/537.36 (KHTML, like Gecko) Chrome/56.0.2924.87 Safari/537.36                                                                                                                 Mozilla/5.0 (Macintosh; Intel Mac OS X 10_12_3) AppleWebKit/602.4.8 (KHTML, like Gecko) Version/10.0.3 Safari/602.4.8                                                                                                        
2017-03-17 21:23:50                                                                                                                                                                                                          2017-03-17 21:25:08                                                                                                                                                                                                          0000-00-00 00:00:00                                                                                                                                                                                                          2017-03-17 21:27:06                                                                                                                                                                                                          2017-03-17 21:30:07                                                                                                                                                                                                          2017-03-17 21:32:34                                                                                                                                                                                                          2017-03-17 21:34:04                                                                                                                                                                                                          2017-03-23 19:37:34                                                                                                                                                                                                          2017-03-23 19:38:23                                                                                                                                                                                                          2017-03-23 19:41:22                                                                                                                                                                                                          0000-00-00 00:00:00                                                                                                                                                                                                          2017-03-24 06:24:52                                                                                                                                                                                                          0000-00-00 00:00:00                                                                                                                                                                                                          0000-00-00 00:00:00                                                                                                                                                                                                          2017-03-27 00:17:17                                                                                                                                                                                                          0000-00-00 00:00:00                                                                                                                                                                                                          
2017-03-17 21:22:34                                                                                                                                                                                                          2017-03-17 21:24:06                                                                                                                                                                                                          2017-03-17 21:25:14                                                                                                                                                                                                          2017-03-17 21:25:46                                                                                                                                                                                                          2017-03-17 21:27:15                                                                                                                                                                                                          2017-03-17 21:31:22                                                                                                                                                                                                          2017-03-17 21:32:43                                                                                                                                                                                                          2017-03-23 19:35:28                                                                                                                                                                                                          2017-03-23 19:37:45                                                                                                                                                                                                          2017-03-23 19:38:26                                                                                                                                                                                                          2017-03-24 06:19:30                                                                                                                                                                                                          2017-03-24 06:20:54                                                                                                                                                                                                          2017-03-25 06:04:39                                                                                                                                                                                                          2017-03-26 23:19:33                                                                                                                                                                                                          2017-03-27 00:15:21                                                                                                                                                                                                          2017-03-28 03:10:48                                                                                                                                                                                                          
default                                                                                                                                                                                                                      default                                                                                                                                                                                                                      default                                                                                                                                                                                                                      default                                                                                                                                                                                                                      default                                                                                                                                                                                                                      default                                                                                                                                                                                                                      default                                                                                                                                                                                                                      default                                                                                                                                                                                                                      default                                                                                                                                                                                                                      default                                                                                                                                                                                                                      default                                                                                                                                                                                                                      default                                                                                                                                                                                                                      default                                                                                                                                                                                                                      default                                                                                                                                                                                                                      default                                                                                                                                                                                                                      default                                                                                                                                                                                                                      
